source1_entity_id	candidate_entity_ids
S1-714132312	S2-234992726,S2-89660732,S3-36348173
S1-106407869	S2-559669701,S2-730294781,S2-235259222
S1-156285671	S2-566025912,S2-521049331,S2-645886241
S1-689823050	S2-664893936,S3-577972146,S3-378054173
S1-921369899	S2-302380669,S3-340888978,S2-649702926
S1-481669221	
S1-909865979	S3-566949914,S2-481572644,S2-644642765
S1-280204013	S2-138331307,S2-994099264,S2-395171961
S1-742053041	S2-954571253,S2-753593579,S2-159786085
S1-913506265	S2-626468842,S2-229203598,S3-146360385
S1-479574617	S2-842829312,S3-825495383,S3-497775376
S1-680637447	S2-171400053,S2-675337024,S2-949209550
S1-870190130	S2-528929761,S2-916015676,S2-39872285
S1-365170694	S3-374810425,S2-552232981,S2-435351865
S1-778640743	S3-467616579,S2-949729542,S2-89663826
S1-378191895	S2-30048306,S3-220850190,S2-85470349
S1-684974736	S2-274193796,S3-275013845
S1-750279127	S3-435130814
S1-209281220	
S1-550154910	S2-225055385,S2-193510687,S2-345568659
S1-897975128	S2-628914147,S3-657521923,S3-450058182
S1-704604312	S2-572406967,S2-634068583,S3-173398261
S1-628750886	S2-336076880,S2-503966344,S2-441692657
S1-714038427	S2-559669701,S2-730294781,S2-235259222
S1-426194890	S2-357180028,S2-533748083,S2-345851534
S1-122385784	S2-356639544,S2-234200980,S2-952858710
S1-540642140	S2-744098365,S2-598312557,S2-103781604
S1-123475953	S2-292567038,S2-550697952,S2-282913892
S1-444801830	
S1-502376041	S2-551281247
S1-594021398	S2-146545453,S2-819310622,S2-740279975
S1-261170522	S2-903113935,S3-216502740,S2-257828288
S1-466641145	
S1-99245709	
S1-339015166	S2-576201028,S2-788345577,S2-578070986
S1-614259237	S3-776479150,S3-836337426
S1-385801270	S2-676069227,S2-313017868,S2-544508980
S1-334672926	S2-374632896,S2-638268338,S2-241023816
S1-717749279	S2-968505057,S2-704784114,S2-418900651
S1-564662660	S2-513276716,S3-52431464,S2-467863016
S1-41643447	S2-5009845,S3-365302134,S3-90377402
S1-581360597	S2-120420573,S2-664036246,S3-349679455
S1-946184931	S2-976445428,S3-864741808
S1-244940399	
S1-616465752	S2-641757866,S3-949240092,S3-174735914
S1-762904067	S2-322554268,S2-625718384,S2-551467333
S1-261476747	S2-260824873,S2-874226414,S2-412180114
S1-874436225	S3-477682199,S2-462183999,S2-737315655
S1-816918307	S2-284564865,S2-127971493,S2-267512484
S1-52153457	S2-63117139,S2-480897317,S2-453562565
S1-867332501	
S1-969300060	S2-459485143,S2-823495263,S2-441692657
S1-930501805	S2-656634043,S3-336878626,S2-226111615
S1-474452362	S2-340420883,S2-609571259,S2-949729542
S1-802731895	S2-462183999,S2-388594236,S2-313955120
S1-39733947	S3-593556662,S2-559669701,S2-730294781
S1-807424751	S2-927555880,S2-905827553,S2-91100310
S1-269499779	S3-331435880,S2-530685908,S2-759764530
S1-574528784	S2-416493275,S2-623503570,S2-741112525
S1-402621048	S3-908148625,S3-336697476,S2-761740572
S1-684202485	S2-600460285,S2-214939320,S2-704180517
S1-85238196	S2-909860651,S2-597634181,S3-937140604
S1-569369299	
S1-559615219	S2-608761794,S2-424973236,S2-985874682
S1-684318101	S2-258890831,S2-205836707,S2-741250223
S1-503487168	S2-875724478,S2-169727784,S2-340880073
S1-967139755	
S1-983819279	S2-847911491,S3-341608004
S1-577269922	S3-513583430
S1-87832748	S2-471712099,S2-193013091,S2-280607105
S1-295346696	S2-514477715,S2-883799231,S3-839414204
S1-252468250	S2-784046963,S2-451247253,S3-960416326
S1-781801397	
S1-669434847	S2-440948455,S2-306547398,S2-267512484
S1-570053103	S2-692619586
S1-736469556	S2-77137709,S2-905827553,S2-388594236
S1-483126440	S2-85470349,S2-214168322,S2-138374856
S1-270951405	S2-94145774,S2-54101700,S2-671019678
S1-520799361	S2-451766122,S2-857275799,S3-244937340
S1-81033582	S2-158121477,S2-262646344,S2-70822028
S1-56410032	S2-584760377,S2-342720491,S2-498001172
S1-518847572	S2-783082192,S2-970876570,S3-806209375
S1-776267063	S2-428495612,S2-352214657,S2-192795894
S1-35309228	S2-559077785,S3-122077614,S3-664669292
S1-493139457	S2-872782933,S2-960258531,S2-830131819
S1-895087526	S2-765689508,S2-85673195,S2-9185162
S1-829126727	S2-170890750,S2-550277993,S3-900511946
S1-457973373	S2-326224715,S3-580891382,S2-260824873
S1-74852342	
S1-280936763	
S1-999165514	S2-867640379,S3-724869974,S3-674272045
S1-395055615	S3-664158078,S3-559013133
S1-862701045	
S1-674871004	S2-193510687,S2-118916909,S2-773257998
S1-287307821	S2-225055385,S2-193510687,S2-345568659
S1-273768056	S2-478128946,S2-878037834,S2-906032267
S1-323395452	S3-74694705,S2-166809876,S2-260494879
S1-4144001	S2-741133761,S2-670181184,S2-287776873
S1-512210875	S2-679511832,S2-638377361,S2-160986084
S1-143287441	S3-286512684
S1-351656683	S2-949114019,S2-676131215,S3-234659501
S1-83258310	S2-878037834,S2-906032267,S2-255716908
S1-126274111	
S1-991875825	S2-753125951,S2-147498899,S2-345851534
S1-219350089	S2-519059543,S2-450192914,S2-168132027
S1-476026008	S2-121764179,S3-913148143,S3-736517206
S1-595583207	S2-400190057,S2-271875776,S2-714953620
S1-660977005	S2-193510687,S2-118916909,S2-773257998
S1-106130112	S3-677098350,S2-847911491,S3-341608004
S1-383508132	S2-582539737,S3-234659501,S2-13335169
S1-960747316	S2-342790091,S2-148614998,S2-403476558
S1-78181547	S2-235259222,S2-242438985,S3-937510720
S1-44674670	S3-699367647,S3-2378515,S2-528929761
S1-712639027	S2-308418230,S2-503434250,S3-436480804
S1-875777939	S3-968408145,S3-260280729,S2-806209738
S1-906720062	S3-360915051,S2-925400951,S2-973405019
S1-868609391	S3-985177020,S2-838274938,S3-878685988
S1-842551642	S2-744384640,S2-65284847,S2-491729969
S1-977549219	S3-507043143,S3-484994752,S3-281837290
S1-345501851	S2-878037834,S2-906032267,S2-255716908
S1-465557953	S3-664669292,S2-912619584,S3-469272577
S1-548433616	S2-522562820,S3-777418870,S3-664375045
S1-542615632	
S1-396150929	S2-160823657,S2-412254468,S2-234605140
S1-370806262	
S1-149784022	S2-269300058,S2-429414207,S2-357180028
S1-208197675	S2-146545453,S2-819310622,S2-740279975
S1-621024	S2-378851466,S2-663959226,S2-806209738
S1-479716586	
S1-73366741	S3-875498002
S1-866981273	S2-764631357,S2-743560781,S3-294208174
S1-48247433	S2-511146838
S1-139090022	S2-949044369,S2-545840360,S2-103020894
S1-503254241	S3-237604674,S3-870097276,S2-980384882
S1-102847291	S2-572406967,S2-853578683,S2-214168322
S1-619110488	S2-517642599,S2-826608782,S2-277600738
S1-623031914	S2-782078221,S3-691294985,S3-481581345
S1-215270294	S3-148974528,S2-234200980,S2-952858710
S1-762005078	S2-877531568,S2-424721957,S2-754241534
S1-983603694	S2-274269958,S2-672392100,S2-59192725
S1-437281614	S2-991288907,S2-878103105,S3-749494147
S1-590781135	S2-106040943,S2-641777383,S2-704326493
S1-423414451	S2-867640379,S3-724869974,S3-674272045
S1-847114478	S2-868579348,S2-275369766,S2-299685676
S1-526334226	
S1-381894503	S2-929103679,S2-867640379,S3-811459169
S1-313092170	S3-79267718,S3-604883637,S3-269283294
S1-60876864	S2-424599024,S2-478010098,S3-348068567
S1-261642209	S2-108012128,S2-697514180,S2-425334082
S1-78728267	S3-343934684
S1-308199161	S2-424599024,S2-478010098,S3-348068567
S1-358927120	S2-544842505,S2-899542587,S2-674483606
S1-337122273	S2-491607559,S2-663700902,S3-662721327
S1-650650055	S2-127971493,S3-473443522,S2-313905133
S1-834257002	S2-226111615,S2-798589387,S2-235534560
S1-937349180	S2-240202044,S2-681236478,S2-372153637
S1-725006887	
S1-820730560	S2-104187102,S2-28901364,S2-882229437
S1-47803313	
S1-385569722	
S1-453884385	S2-750187901,S2-497654662,S2-752749962
S1-650304466	S2-54101700,S2-867917626,S2-323998042
S1-762839052	S2-462183999,S2-388594236,S2-313955120
S1-550679918	S2-94145774,S2-54101700,S2-671019678
S1-659666950	S2-485885002,S2-621647415,S2-424998513
S1-772914073	S2-283264445,S2-231978756,S2-845929300
S1-860482342	S2-857275799,S2-451766122,S3-244937340
S1-813052697	S2-48725229,S2-110979820,S2-674544983
S1-366528589	S2-210791875,S2-44209004,S2-175042336
S1-720336913	S2-158121477,S2-262646344,S2-70822028
S1-640880009	S2-402667390,S2-20473893
S1-887500171	S3-456593429,S3-422815078,S2-239070834
S1-971996731	S2-274269958,S2-672392100,S2-59192725
S1-104317115	S3-368878502,S2-393902595,S2-947896922
S1-518257638	S2-911310489,S2-290816981,S2-856802130
S1-884660527	S2-298281864,S3-966662001,S3-415820845
S1-910004085	S2-835489415,S2-5882373,S2-802693248
S1-591894902	S2-308862519,S2-731957285,S3-405882266
S1-142638295	S2-336076880,S2-503966344,S2-441692657
S1-950720921	S2-87473476,S2-805068624,S3-246690251
S1-183285524	S2-757903279,S3-68873274
S1-714649207	S2-633888738,S2-170890750,S2-198322712
S1-841168517	
S1-819898451	S2-905094783,S2-412254468,S2-234605140
S1-949091955	S2-562716881,S2-799535785,S2-663561838
S1-552966879	S2-270743332,S2-761740572,S2-981369013
S1-220057580	S2-731381882,S2-273599220,S2-718494723
S1-64462728	S2-124355652,S2-256206990,S2-477732440
S1-807938084	S3-908996282,S2-138331307,S2-994099264
S1-693870315	S3-986739557,S2-442251246,S2-95876908
S1-455827432	S2-672392100,S2-808542221,S3-125349995
S1-527611593	S2-305637735,S2-23519898,S2-444544903
S1-727773972	S2-651211121,S2-192026730,S2-350098794
S1-279446676	S2-663749793
S1-918109974	S3-417315037
S1-615018738	S2-112287031,S2-699224357,S2-275882814
S1-666592077	S3-833970055,S2-491607559,S2-663700902
S1-509532493	S2-703096481,S2-125955407,S2-951148549
S1-992285010	S2-884040388,S3-221443476
S1-382076507	S2-225122945,S2-146545453,S2-273599220
S1-185535466	S2-51615186,S2-857275799,S2-497654662
S1-799535694	S2-225055385,S2-193510687,S2-345568659
S1-598558953	S3-467616579,S2-682586639
S1-222645796	S2-32964322
S1-192481319	S2-305089827,S2-193510687,S2-118916909
S1-413573159	S2-559077785,S3-122077614,S3-664669292
S1-782634160	S2-898271371,S2-485280761,S3-130446024
S1-394334841	
S1-759762834	S2-919585353,S2-188979997,S2-424599024
S1-653070765	S2-86010362
S1-94096071	S2-129068134,S3-522092597
S1-682391735	S3-835032939,S3-647610122,S3-722123078
S1-559968662	S2-292567038,S2-550697952,S2-282913892
S1-964877324	
S1-883416047	S2-348424823,S3-517069981,S3-288440193
S1-182458975	S3-45364968,S2-200306868,S2-979401692
S1-339269492	S2-439055696,S2-141345465,S2-269915770
S1-621676240	S3-665811613
S1-103138354	S2-823489243,S3-282321912,S2-867346039
S1-279963953	S2-666652825,S2-471712099,S2-622752249
S1-317707487	S2-389417235,S3-796280583,S3-34970829
S1-391244573	S2-138331307,S2-994099264,S2-395171961
S1-603458137	S2-208890076,S2-565787935,S3-186875006
S1-429550703	S2-199559681,S2-769651124,S2-670266169
S1-302219416	S2-899542587,S2-674483606,S2-597814989
S1-693956169	S3-887718222,S2-514477715,S2-883799231
S1-837916944	S2-566025912,S2-521049331,S2-645886241
S1-336786786	S3-60718083,S2-641777383,S2-106040943
S1-800911534	S2-375151053,S2-365604487,S3-924601071
S1-181883447	S2-918973885,S2-367421312,S3-867263634
S1-1433093	S2-424599024,S2-478010098,S3-348068567
S1-733472967	S2-54101700,S2-867917626,S2-323998042
S1-89100953	S2-972087927,S2-411773002,S2-980552823
S1-848293840	S2-976793661,S2-32792012,S2-973074537
S1-17003766	S2-704784114,S3-290413216,S2-968505057
S1-915512126	S2-248821054,S2-672061424,S2-858549926
S1-901504091	S3-902848209,S2-855379701,S3-683039104
S1-724741475	S2-744098365,S2-598312557,S2-103781604
S1-851421910	S2-685765159,S3-315427726,S3-846104867
S1-430298053	S2-365487618,S2-577253485,S2-607335711
S1-307277652	S2-290662910,S3-360310067,S2-331483512
S1-503010787	S2-146545453,S2-819310622,S2-740279975
S1-520627257	S3-184174096,S2-329302072,S2-989542032
S1-667272642	S3-572176821,S2-905094783,S2-532926411
S1-827961773	S2-566025912,S2-521049331,S2-645886241
S1-255349799	S2-292567038,S2-550697952,S2-282913892
S1-418524279	S2-566025912,S2-521049331,S2-645886241
S1-661144640	S2-551467333,S2-446219150,S2-898271371
S1-892745196	
S1-751409146	S2-884102769,S2-258360599,S2-358836213
S1-13506955	
S1-262020943	S2-779171736
S1-746909581	S2-396538001,S2-899542587,S2-674483606
S1-481776787	S2-583840796,S2-862000237,S2-119341457
S1-870654726	S3-135907540,S2-65284847,S2-491729969
S1-459183905	S3-809001449,S2-235259222,S2-242438985
S1-782456413	S2-226188917,S3-287052653,S3-975766430
S1-687813152	S2-741250223,S2-319595732,S2-279347296
S1-528962373	S2-89663826,S2-123627795,S2-181305222
S1-133484055	S2-336678677
S1-784673398	S2-261771601,S2-387588469,S2-509829201
S1-162954117	S2-367817806,S2-590554293,S2-789698410
S1-547053441	S3-922632740
S1-302536542	S2-317480348,S2-577711295,S2-126819365
S1-457601305	S2-292567038,S2-550697952,S2-282913892
S1-488635826	S2-395778865,S3-695973055,S2-228370756
S1-349698918	S2-867324975,S2-199451665,S2-800675490
S1-72706873	S2-638268338,S2-241023816,S2-668787001
S1-78029452	S2-255462901,S3-328729045,S3-786486947
S1-717385838	S2-782078221,S2-51615186,S2-702263933
S1-11379912	S2-805826813,S3-950311269,S2-940559356
S1-655700316	S3-358955723,S3-903397845
S1-484349079	
S1-595486290	S3-233634101,S3-207721934,S3-167700207
S1-889012090	S2-108012128,S2-697514180,S2-425334082
S1-748500004	S2-443010360,S2-430858444,S2-502325855
S1-587404171	S2-871683148,S2-761740572
S1-986604838	S2-274269958,S2-672392100,S2-59192725
S1-766408899	S2-875724478,S2-169727784,S2-340880073
S1-507163415	S2-867324975,S2-199451665,S2-800675490
S1-873761236	S2-663959226,S2-690368889,S2-454447953
S1-655802552	S3-835032939,S3-647610122,S3-722123078
S1-327983313	S2-22034959,S3-662721327,S3-801858031
S1-77383698	S2-744098365,S2-598312557,S2-103781604
S1-273531258	S2-446219150,S2-898271371,S2-485280761
S1-772535560	
S1-598136304	S2-896768736,S3-125349995,S3-662861736
S1-789788578	
S1-346777444	S2-257520714,S2-906842440,S3-214982367
S1-544222533	S3-688194826,S2-470617752,S2-287130510
S1-493959729	S2-765689508,S2-138070868,S2-85673195
S1-430462466	S2-226111615,S2-798589387,S2-235534560
S1-792204527	S2-779040268,S2-260494879,S2-336821634
S1-788563249	S2-297579015,S2-525170022,S3-953042337
S1-198662647	S2-305089827,S2-193510687,S2-118916909
S1-431137009	S3-954671012,S2-484457398,S2-640125564
S1-22335277	
S1-291584542	S2-797348450,S2-871779147,S2-644861038
S1-556611862	S2-126819365,S3-638327343
S1-32767080	
S1-242691036	S2-191963917,S2-56354930,S2-191311189
S1-770890247	S2-36390503,S2-210791875,S2-44209004
S1-276402071	S3-928634282,S2-789640805,S2-612069316
S1-936869465	S2-968505057,S2-714315001,S2-955876497
S1-201994316	S2-89663826,S2-123627795,S2-181305222
S1-905520099	S2-241699195,S2-77668832,S3-644424345
S1-766655509	S2-63117139,S2-480897317,S2-453562565
S1-415414688	S2-126819365,S3-638327343
S1-133928599	S2-800542765,S2-862578020,S2-207439352
S1-871112769	S3-815098380,S2-514477715,S2-883799231
S1-948985690	
S1-653149647	
S1-657251225	S2-540182433,S2-782561431,S3-108111278
S1-244474490	
S1-857992844	S2-647447093,S2-823495263,S2-290238781
S1-197043206	S2-21907891,S2-816523255,S2-838961009
S1-269094403	S2-436440977,S3-378709231,S3-739386281
S1-355078971	S2-550697952,S2-442169767,S2-19476634
S1-51627651	S3-507043143,S3-484994752,S3-281837290
S1-288364156	
S1-500222888	S2-115908375,S2-23637062,S3-344876478
S1-247274429	S2-704180517,S2-600460285,S2-214939320
S1-260204874	S2-234200980,S2-952858710,S2-31694455
S1-511066423	S2-953315150,S3-436480804,S3-181656306
S1-605505884	S3-195976462
S1-882791035	S2-233474561,S2-672061424,S2-218337544
S1-868105169	S2-968505057,S3-293708747,S3-227274147
S1-764707596	
S1-962993818	S2-982792981,S3-616747941,S3-303935657
S1-608940471	S2-470513530,S2-919581150,S2-352214657
S1-346760887	S3-951480359,S2-237461185,S3-651489735
S1-597621907	S2-270743332,S2-761740572,S2-981369013
S1-36048451	S3-447259837,S3-908996282,S3-823935201
S1-98985291	S2-462183999,S2-388594236,S2-313955120
S1-368908513	S2-495604525,S2-734527330,S3-947224654
S1-504750404	S2-813179630,S2-363645478,S2-591850833
S1-687138169	S2-990903288,S2-365604487,S2-488337772
S1-576111952	
S1-907329636	S3-853359242,S2-770341988,S2-758493682
S1-220372723	S2-559669701,S2-730294781,S2-235259222
S1-591377734	S2-308862519,S2-436503412,S2-296064086
S1-915233460	S2-229677112,S2-188979997,S2-333597499
S1-808794467	
S1-119248132	
S1-710758303	S3-950311269,S2-292165524
S1-105001584	S2-883588051
S1-382212549	
S1-35578091	S2-462183999,S2-388594236,S2-313955120
S1-34932143	S2-664893936,S3-577972146,S3-378054173
S1-545791724	S3-738601650,S3-398254055,S3-420754910
S1-869422569	S3-518082710
S1-844617434	S2-498001172,S2-753125951,S2-574723490
S1-488174268	S2-2920056,S2-491551718,S3-262204016
S1-963501196	S2-412882978
S1-531518308	S2-372153637,S3-766817544,S3-666700667
S1-288588262	S2-559669701,S2-730294781,S2-235259222
S1-94665545	S2-193510687,S2-345568659,S2-906255068
S1-460829054	S3-688478655
S1-817207769	S3-218566871,S3-513583430
S1-923121813	S2-305637735,S2-23519898,S2-167452033
S1-937797030	S3-187865546,S2-933865098,S2-519059543
S1-305324409	S2-439055696,S2-714953620,S2-645330149
S1-927419156	S2-179052007,S2-750187901,S2-497654662
S1-261393939	S2-473992508,S3-367727512,S3-623589664
S1-158003567	S3-251522598,S2-595265518,S2-134329598
S1-772204055	S2-484457398,S2-640125564,S2-77025756
S1-901881022	S2-459485143,S2-912224990,S3-556228627
S1-958709603	S2-429414207,S2-703096481,S2-810569289
S1-864062904	S2-225122945,S2-146545453,S2-273599220
S1-389115869	S3-797998623
S1-32131273	S2-197244160,S2-218337544,S2-675644302
S1-485290093	
S1-449015682	S2-292567038,S2-550697952,S2-282913892
S1-273693856	
S1-216847975	S2-753125951,S2-147498899,S2-345851534
S1-942180728	S2-619044353,S3-469272577,S3-229963061
S1-704576365	S2-216338945,S3-636236939
S1-706359294	S3-416247723
S1-688852755	S2-292567038,S2-550697952,S2-282913892
S1-501963178	S2-978307502,S2-721912112,S2-139451084
S1-428039663	S3-445101009
S1-394925431	S2-614086869,S2-975242575,S3-227660750
S1-29387523	S2-619044353,S3-469272577,S3-229963061
S1-960221997	S2-941131362,S2-919581150,S2-405274205
S1-369896511	S2-411773002,S2-972087927,S2-980552823
S1-973133967	
S1-957109842	S2-792088810
S1-718126154	S2-169339199,S2-70085549,S3-210670630
S1-657028371	
S1-122221465	S3-691294985,S2-233626843,S2-91064584
S1-241758739	S2-292567038,S2-550697952,S2-282913892
S1-292853265	S2-886358300,S2-893716684,S2-973074537
S1-563412246	S2-597634181,S3-937140604,S3-713832596
S1-635915279	S2-393902595,S2-947896922,S2-39306652
S1-257953143	S3-843493474,S2-980127632,S3-662462001
S1-935953663	S2-415633307,S2-462988598,S2-465143244
S1-66970748	S2-793243336,S3-801858031,S2-127971493
S1-613214928	S2-783082192,S2-11418174,S2-147785279
S1-68168779	S2-649569032,S2-431834266,S3-948575262
S1-181117450	S2-741133761,S3-65154771,S2-651211121
S1-337798606	S2-748623556,S2-975659148,S2-543623385
S1-877808612	S2-954571253,S2-753593579,S2-159786085
S1-991838189	S3-273272215,S2-647447093,S2-823495263
S1-415245659	
S1-860794391	S2-390533432,S2-158269168,S2-783581893
S1-590126941	S2-340420883,S2-379810610,S2-37879649
S1-852807313	S3-841734573,S3-841034461,S2-393902595
S1-643209618	
S1-581863940	
S1-225821819	S2-491343764,S2-678863714,S2-757965845
S1-778630887	
S1-377916068	S2-393902595,S2-25830538,S2-898271371
S1-37907520	S2-210463649,S2-424998513,S3-269283294
S1-637166800	
S1-352595333	S3-479654564
S1-333194875	S2-742018880,S2-418900651,S3-77632293
S1-260721574	S2-658065717,S2-600460285,S2-214939320
S1-677484813	S2-867640379,S3-724869974,S3-674272045
S1-568320501	S2-17235825,S2-649702926,S2-583114929
S1-759995112	
S1-443768681	S2-187909971,S3-970700897
S1-170472252	S2-239070834,S2-263212704,S2-687964286
S1-311511012	S3-722123078,S3-835032939,S3-647610122
S1-224275529	S2-600460285,S2-214939320,S2-704180517
S1-427329185	S2-782078221,S2-51615186,S2-702263933
S1-417606815	S3-960416326,S3-50281059,S3-29698559
S1-488457630	S3-507043143,S3-484994752,S3-281837290
S1-818470647	S2-257520714,S2-906842440,S3-214982367
S1-534346740	S2-146545453,S2-819310622,S2-740279975
S1-729626041	
S1-204633959	S3-309060972
S1-155512047	S2-383030202,S2-183205834,S2-58393536
S1-553186193	
S1-42502314	
S1-317114355	S2-54101700,S2-867917626,S2-323998042
S1-334574390	S2-342720491,S3-16078484,S2-498001172
S1-649110450	
S1-533417053	S2-883588051,S2-125955407,S2-951148549
S1-152550844	S2-512188154,S2-717773569,S3-92692166
S1-643493833	S2-591347284,S3-75604340,S2-278570858
S1-734921625	S2-908349295,S3-538432776,S3-758086290
S1-68108533	S2-765689508,S2-25830538,S2-898271371
S1-789286562	S2-477732440,S3-382077226,S3-814461933
S1-493735795	S3-626034570,S3-871418696,S3-64810791
S1-870309113	S2-85144335,S2-234992726,S2-681261480
S1-755184527	S2-779040268,S2-882388409,S3-544334666
S1-741750910	S3-450152589,S3-419242883,S3-341608004
S1-396704474	S2-60538009,S2-470230201,S2-33989518
S1-77449994	S2-11474807,S2-590554293,S2-789698410
S1-607302089	
S1-80873383	S2-108012128,S2-647742770,S2-508053426
S1-194589041	S2-528929761,S2-916015676,S2-39872285
S1-550464269	
S1-405440827	S2-621647150
S1-500922440	S2-292567038,S2-550697952,S2-282913892
S1-111694025	
S1-760235082	S2-187743820,S2-123627795,S2-420530612
S1-445143782	
S1-17665971	S2-806209738,S2-737499898,S2-150268141
S1-131623880	S2-682246798
S1-453383072	S2-972274190,S3-299849437
S1-573827896	S2-497654662,S2-180831308,S2-446399386
S1-740059747	S2-462183999,S2-737315655,S3-328022966
S1-979645754	S2-600460285,S2-214939320,S2-704180517
S1-5694837	S2-429414207,S2-703096481,S2-810569289
S1-895155435	S2-234200980,S2-952858710,S2-31694455
S1-552090769	S2-954571253,S2-753593579,S2-159786085
S1-444520529	S3-699367647,S3-2378515,S2-528929761
S1-481259122	S2-95948115,S2-278570858,S2-682253147
S1-170318976	
S1-254586049	S2-459485143,S2-823495263,S2-441692657
S1-626957328	
S1-820877559	S2-901270840,S3-58629609,S3-281837290
S1-111296778	S2-726058757,S2-838274938,S2-911375648
S1-847310129	S2-872782933,S2-255481825,S2-830131819
S1-546941880	S2-741112525,S2-726058757,S2-234200980
S1-697980001	
S1-338401200	S2-491607559,S2-663700902,S3-662721327
S1-501819870	S2-360631336,S3-106514182,S3-287052653
S1-541668027	
S1-966492570	S2-944210661,S2-649702926,S2-583114929
S1-702544592	S2-226111615,S2-798589387,S2-235534560
S1-528495462	S2-592412285,S2-956867829,S2-125788932
S1-545863954	S2-45143463,S3-337064812,S2-200306868
S1-772195807	S2-827108193,S3-808387247,S3-904293301
S1-603731465	S2-949114019,S2-676131215,S3-234659501
S1-453539657	S2-6298395
S1-46249643	S2-449438476,S2-395778865,S2-715963433
S1-317928365	
S1-735449543	S2-733379415,S2-783207344,S3-218566871
S1-368898506	S2-875724478,S2-169727784,S2-340880073
S1-39608811	S3-389223204
S1-497232093	S2-241220505,S2-718480121,S2-506155991
S1-740176897	S3-447659838,S2-949044369,S2-545840360
S1-699373004	S2-656634043,S3-336878626,S2-795525631
S1-760964613	S2-112689538,S3-446409255
S1-759533619	S2-767997013,S2-654562074,S2-925400951
S1-89928972	S2-108012128,S2-647742770,S2-508053426
S1-415302434	S2-77137709,S2-945687659,S2-226188917
S1-397514626	S2-906594195,S2-583894646,S2-813362237
